<component name="MainScreen" extends="Group">
    <interface>
        <field id="screenName" type="string" />
    </interface>
    <script type="text/brightscript" uri="MainScreen.brs" />
    <script type="text/brightscript" uri="pkg:/source/NavigationService.brs" />
    <script type="text/brightscript" uri="pkg:/source/bslib.brs" />
    <children>
        <rectangle id="background" width="1920" height="1080" color="0xFFFFFF" />
        <rectangle id="menuBackground" width="295" height="1080" color="0xFCFCFD" />
        <rectangle id="delimiter" width="3" height="1080" color="0xD1CBCB" translation="[296, 0]" />
        <poster id="logo" width="151" height="76" uri="pkg:/images/agile_logo.png" translation="[72,24]" />
    </children>
</component>
